Minyak Sawit Kemasan 1 Liter,Tepung Terigu Segitiga Biru 1 Sak,Tepung Terigu Cakra 1 Sak,Gula Pasir Kemasan 1/2kg,Telur Biasa 1 Peti,,,
Telur Mini 1 Peti,Gula Pasir Kemasan 1/2kg,,,,,,
Gula Pasir Kemasan 1/2kg,,,,,,,
Tepung Terigu Kemasan 1kg,,,,,,,
Tepung Terigu Payung 1 Sak,,,,,,,
Tepung Terigu Segitiga Biru 1 Sak,,,,,,,
Tepung Terigu Payung 1 Sak,,,,,,,
Gula Pasir Kemasan 1/2kg,,,,,,,
Gula Kristal 1 Sak, Tepung Terigu Payung 1 Sak,,,,,,
Telur Biasa 1 Peti,,,,,,,
Gula Pasir Kemasan 1/2kg,,,,,,,
Tepung Beras Rose Brand Kemasan 1/4kg,,,,,,,
Minyak Sawit Kemasan Jerigen,Tepung Beras Bola 1 Dus,Telur Mini 1 Peti,,,,,
Minyak Sawit Kemasan 1 Liter,Telur Biasa 1 Peti,,,,,,
Kerupuk Unyil,,,,,,,
Telur Biasa 1 Peti,Telur Mini 1 Peti,Minyak Sawit Kemasan 1/2kg,,,,,
Telur Mini 1 Peti,Telur Biasa 1 Peti,Minyak Sawit Kemasan 1/2kg,,,,,
Minyak Sawit Kemasan 1/2kg,Gula Pasir Kemasan 1/2kg,,,,,,
Gula Pasir Kemasan 1/2kg,,,,,,,
Beras C4 1 Sak,,,,,,,
Minyak Sawit Kemasan 1kg,,,,,,,
Minyak Sawit Kemasan 1kg,Gula Pasir Kemasan 1/2kg,Minyak Goreng Permata 1 Dus,,,,,
Tepung Terigu Segitiga Biru Kemasan 1kg 1 Dus,Beras C4 1 Sak,,,,,,
Tepung Terigu Segitiga Biru Kemasan 1kg 1 Dus,,,,,,,
Minyak Sawit Kemasan Jerigen,,,,,,,
Tepung Kanji Gunung Agung 1 Sak,,,,,,,
Telur Biasa 1 Peti,,,,,,,
Gula Pasir Kemasan 1/2kg,Tepung Terigu Segitiga Biru 1 Sak,Telur Biasa 1 Peti,,,,,
Gula Pasir Kemasan 1/2kg,,,,,,,
Minyak Goreng Fortune,Gula Pasir Kemasan 1/2kg,,,,,,
Tepung Terigu Lm Kemasan 1kg 1 Dus,,,,,,,
Gula Pasir Kemasan 1/2kg,Minyak Sawit Kemasan Jerigen,,,,,,
Tepung Terigu Segitiga Biru 1 Sak,,,,,,,
Minyak Sawit Kemasan 1kg,,,,,,,
Telur Biasa 1 Peti,Minyak Sawit Kemasan 1kg ,,,,,,
Mie Burung Dara 1 Ikat,,,,,,,
Gula Kristal 1 Sak,Mie Atoom Bulan 1 Ikat,Mie Burung Dara 1 Ikat,,,,,
Mie Jagung 1 Dus, Mie Kenduri 1 Ikat,,,,,,
Gula Pasir Kemasan 1/2kg,Minyak Sawit Kemasan Jerigen,,,,,,
Tepung Terigu Segitiga Biru Kemasan 1kg 1 Dus,Tepung Beras Rose Brand Kemasan 1/2kg,,,,,,
Telur Biasa 1 Peti,,,,,,,
Gula Pasir Kemasan 1/2kg,Minyak Sawit Kemasan Jerigen,,,,,,
Minyak Sawit Kemasan 1kg,,,,,,,
Kerupuk Unyil,Minyak Goreng Fortune,Gula Pasir Kemasan 1/2kg,Telur Biasa 1 Peti,Minyak Sawit Kemasan 1kg,,,
Tepung Kanji Gunung Agung 1 Sak,,,,,,,
Minyak Sawit Kemasan 1 Liter,,,,,,,
Gula Pasir Kemasan 1/2kg,Telur Mini 1 Peti,,,,,,
Telur Biasa 1 Peti,,,,,,,
Telur Biasa 1 Peti,,,,,,,
Gula Pasir Kemasan 1/2kg,Tepung Beras Rose Brand Kemasan 1kg,,,,,,
Tepung Terigu Segitiga Biru Kemasan 1/2kg 1 Dus,,,,,,,
Gula Pasir Kemasan 1/2kg,,,,,,,
Gula Pasir Kemasan 1/2kg,,,,,,,
Gula Kristal 1 Sak,,,,,,,
Minyak Sawit Kemasan Jerigen,,,,,,,
Minyak Sawit Kemasan 1 Liter,,,,,,,
Tepung Terigu Payung 1 Sak,Tepung Terigu Segitiga Biru Kemasan 1kg 1 Dus,Telur Biasa 1 Peti,,,,,
Tepung Beras Rose Brand Kemasan 1/2kg,Tepung Beras Rose Brand Kemasan 1/2kg 1 Plastik,Tepung Beras Rose Brand Kemasan 1/4kg 1 Plastik,,,,,
Tepung Terigu Segitiga Biru Kemasan 1kg 1 Dus,Tepung Beras Rose Brand Kemasan 1/2kg,Minyak Goreng Permata 1 Dus,,,,,
Tepung Beras Rose Brand Kemasan 1/2kg 1 Plastik,,,,,,,
Tepung Beras Rose Brand Kemasan 1/4kg 1 Plastik,,,,,,,
Tepung Kanji Gunung Agung 1 Sak,,,,,,,
Minyak Sawit Kemasan Jerigen,Tepung Terigu Segitiga Biru Kemasan 1kg 1 Dus,,,,,,
Gula Jawa,Minyak Sawit Kemasan 1 Liter,,,,,,
Minyak Goreng Permata 1 Dus,Gula Pasir Kemasan 1/2kg,Tepung Kanji Kemasan 1kg,,,,,
Minyak Sawit Kemasan 1 Liter,Gula Pasir Kemasan 1/2kg,Tepung Terigu Lm Kemasan 1kg 1 Dus,,,,,
Minyak Sawit Kemasan 1 Liter,,,,,,,
Tepung Kanji Gunung Agung 1 Sak,Tepung Kanji Kemasan 1kg,Minyak Sawit Kemasan 1 Liter,Tepung Beras Rose Brand Kemasan 1/2kg ,,,,
Tepung Beras Rose Brand Kemasan 1/2kg,Tepung Kanji Gunung Agung 1 Sak,Tepung Terigu Segitiga Biru Kemasan 1/2kg 1 Dus,,,,,
Telur Biasa 1 Peti,,,,,,,
Tepung Beras Rose Brand Kemasan 1/2kg,,,,,,,
Tepung Kanji Gunung Agung 1 Sak,,,,,,,
Telur Biasa 1 Peti,,,,,,,
Tepung Terigu Segitiga Biru 1 Sak,Telur Biasa 1 Peti,Telur Mini 1 Peti,Gula Pasir Kemasan 1/2kg,,,,
Gula Pasir Kemasan 1/2kg,,,,,,,
Tepung Terigu Lm Kemasan 1kg 1 Dus,,,,,,,
Gula Pasir Kemasan 1/2kg,,,,,,,
Gula Pasir Kemasan 1/2kg,,,,,,,
Minyak Sawit Kemasan Jerigen,,,,,,,
Gula Kristal 1 Sak,,,,,,,
Beras C4 1 Sak,Gula Jawa,Minyak Sawit Kemasan 1kg,Tepung Terigu Lm Kemasan 1kg 1 Dus,Telur Biasa 1 Peti,,,
Minyak Sawit Kemasan Jerigen,Tepung Beras Rose Brand Kemasan 1/2kg,Tepung Terigu Payung 1 Sak,Gula Pasir Kemasan 1/2kg,,,,
Telur Biasa 1 Peti,Gula Pasir Kemasan 1/2kg,Minyak Sawit Kemasan 1kg,,,,,
Minyak Sawit Kemasan 1kg,Telur Mini 1 Peti,Telur Biasa 1 Peti,,,,,
Telur Mini 1 Peti,Telur Biasa 1 Peti,Minyak Sawit Kemasan 1kg,,,,,
Tepung Terigu Payung 1 Sak,Santan Kara 1 Dus,Gula Jawa,Tepung Terigu Lm Kemasan 1kg 1 Dus,,,,
Gula Pasir Kemasan 1/2kg,Minyak Sawit Kemasan 1/2kg,,,,,,
Telur Biasa 1 Peti,,,,,,,
Telur Biasa 1 Peti,,,,,,,
Tepung Terigu Segitiga Biru 1 Sak,,,,,,,
Telur Biasa 1 Peti,,,,,,,
Gula Pasir Kemasan 1/2kg,Mie Jagung 1 Dus,,,,,,
Minyak Goreng Fortune,,,,,,,
Tepung Terigu Segitiga Biru 1 Sak,Telur Biasa 1 Peti,,,,,,
Tepung Terigu Segitiga Biru Kemasan 1/2kg 1 Dus, Tepung Terigu Payung Kemasan 1kg,,,,,,
Gula Pasir Kemasan 1/2kg,,,,,,,
Gula Pasir Kemasan 1/2kg,Tepung Beras Rose Brand Kemasan 1kg,,,,,,
Tepung Terigu Segitiga Biru Kemasan 1/2kg 1 Dus,,,,,,,
Beras C4 1 Sak,,,,,,,
Gula Pasir Kemasan 1/2kg,,,,,,,
Telur Mini 1 Peti,,,,,,,
Minyak Sawit Kemasan 1kg,Gula Pasir Kemasan 1/2kg,Gula Jawa,Tepung Terigu Kemasan 1kg,,,,
Gula Pasir Kemasan 1/2kg,Tepung Terigu Lm Kemasan 1kg 1 Dus,,,,,,
Gula Pasir Kemasan 1/2kg,Tepung Terigu Cakra Kemasan 1kg,Tepung Terigu Lm 1 Sak,,,,,
Tepung Kanji Gunung Agung 1 Sak,,,,,,,
Tepung Terigu Segitiga Biru Kemasan 1kg 1 Dus,Gula Pasir Kemasan 1/2kg,Minyak Sawit Kemasan Jerigen,,,,,
Minyak Sawit Kemasan 1 Liter,Gula Pasir Kemasan 1/2kg,,,,,,
Gula Kristal 1 Sak,Tepung Terigu Segitiga Biru 1 Sak,,,,,,
Minyak Sawit Kemasan Jerigen,,,,,,,
Minyak Sawit Kemasan 1 Liter,,,,,,,
Minyak Sawit Kemasan 1 Liter,,,,,,,
Minyak Sawit Kemasan Jerigen,Minyak Sawit Kemasan 1 Liter,,,,,,
Minyak Sawit Kemasan 1 Liter,,,,,,,
Tepung Terigu Segitiga Biru Kemasan 1kg 1 Dus,,,,,,,
Gula Pasir Kemasan 1/2kg,Tepung Terigu Segitiga Biru Kemasan 1kg 1 Dus,Tepung Terigu Segitiga Biru 1 Sak,Minyak Sawit Kemasan Jerigen,,,,
Telur Biasa 1 Peti,,,,,,,
Telur Biasa 1 Peti,,,,,,,
Minyak Sawit Kemasan Jerigen,,,,,,,
Telur Biasa 1 Peti,,,,,,,
Telur Biasa 1 Peti,,,,,,,
Minyak Sawit Kemasan 1 Liter,Gula Pasir Kemasan 1/2kg,,,,,,
Minyak Sawit Kemasan 1 Liter,Gula Pasir Kemasan 1/2kg,Tepung Terigu Segitiga Biru 1 Sak,Tepung Terigu Payung 1 Sak,Telur Mini 1 Peti,Tepung Beras Rose Brand Kemasan 1/2kg,,
Mie Burung Dara 1 Ikat,,,,,,,
Mie Burung Dara 1 Ikat,Mie Burung Dara 1 Dus,Minyak Sawit Kemasan 1 Liter,Tepung Terigu Lm Kemasan 1kg 1 Dus,Beras C4 1 Sak,,,
Minyak Sawit Kemasan Jerigen,Tepung Beras Bola 1 Dus,Telur Biasa 1 Peti,Gula Kristal 1 Sak,,,,
Telur Mini 1 Peti,Minyak Sawit Kemasan 1kg,,,,,,
Tepung Terigu Segitiga Biru 1 Sak,,,,,,,
Telur Mini 1 Peti, Telur Biasa 1 Peti,,,,,,
Gula Pasir Kemasan 1/2kg,Minyak Sawit Kemasan 1kg,,,,,,
Telur Mini 1 Peti,Telur Biasa 1 Peti,,,,,,
Minyak Sawit Kemasan 1kg,,,,,,,
Gula Pasir Kemasan 1/2kg,,,,,,,
Telur Mini 1 Peti, Santan Kara 1 Dus,,,,,,
Telur Biasa 1 Peti,,,,,,,
Minyak Sawit Kemasan 1kg,Gula Pasir Kemasan 1/2kg,Tepung Terigu Payung Kemasan 1kg,Gula Jawa,,,,
Tepung Kanji Gunung Agung 1 Sak,,,,,,,
Telur Biasa 1 Peti,Gula Pasir Kemasan 1/2kg ,,,,,,
Tepung Terigu Lm Kemasan 1kg 1 Dus,Tepung Terigu Segitiga Biru Kemasan 1/2kg 1 Dus,,,,,,
Minyak Sawit Kemasan Jerigen,,,,,,,
Minyak Sawit Kemasan 1kg,Kerupuk Unyil,Gula Pasir Kemasan 1/2kg,Tepung Kanji Gunung Agung 1 Sak,Telur Biasa 1 Peti,,,
Gula Pasir Kemasan 1/2kg,,,,,,,
Telur Biasa 1 Peti,Gula Pasir Kemasan 1/2kg,Tepung Terigu Segitiga Biru 1 Sak,,,,,
Tepung Terigu Segitiga Biru 1 Sak,,,,,,,
Telur Biasa 1 Peti,Minyak Sawit Kemasan Jerigen,,,,,,
Gula Pasir Kemasan 1/2kg,,,,,,,
Minyak Sawit Kemasan 1 Liter,,,,,,,
Gula Pasir Kemasan 1/2kg,Tepung Terigu Lm Kemasan 1kg 1 Dus,,,,,,
Kerupuk Unyil,,,,,,,
Telur Mini 1 Peti,,,,,,,
Gula Pasir Kemasan 1/2kg,,,,,,,
Tepung Kanji Gunung Agung 1 Sak,,,,,,,
Tepung Terigu Segitiga Biru 1 Sak,Tepung Kanji Kemasan 1kg,,,,,,
Gula Pasir Kemasan 1/2kg,Minyak Sawit Kemasan Jerigen,,,,,,
Tepung Terigu Payung 1 Sak,,,,,,,
Telur Mini 1 Peti,,,,,,,
Tepung Kanji Gunung Agung 1 Sak,Tepung Terigu Segitiga Biru Kemasan 1kg 1 Dus,Gula Pasir Kemasan 1/2kg,Tepung Terigu Segitiga Biru 1 Sak,Tepung Terigu Payung 1 Sak,Minyak Sawit Kemasan Jerigen ,,
Telur Mini 1 Peti,,,,,,,
Kerupuk Unyil,Telur Biasa 1 Peti,,,,,,
Telur Biasa 1 Peti,,,,,,,
Telur Biasa 1 Peti,,,,,,,
Telur Biasa 1 Peti,Minyak Sawit Kemasan 1kg,Tepung Terigu Segitiga Biru 1 Sak,Tepung Terigu Lm 1 Sak,Gula Pasir Kemasan 1/2kg,Santan Kara 1 Dus,,
Minyak Sawit Kemasan 1 Liter,Teh Jengot 1 Ball,Gula Pasir Kemasan 1/2kg,,,,,
Tepung Terigu Segitiga Biru 1 Sak,Gula Pasir Kemasan 1/2kg,Telur Mini 1 Peti,,,,,
Telur Biasa 1 Peti,,,,,,,
Gula Kristal Putih 1 Sak,,,,,,,
Gula Pasir Kemasan 1/2kg,,,,,,,
Minyak Sawit Kemasan 1kg,Beras C4 1 Sak,Mie Burung Dara 1 Ikat,Tepung Terigu Lm Kemasan 1kg 1 Dus,Telur Mini 1 Peti,Gula Jawa,Kerupuk Unyil,
Gula Kristal Putih 1 Sak, Minyak Sawit Kemasan Jerigen,Telur Biasa 1 Peti, Tepung Beras Bola 1 Dus,,,,
Telur Mini 1 Peti, Minyak Sawit Kemasan 1/2kg,Gula Pasir Kemasan 1/2kg,Tepung Terigu Payung 1 Sak,,,,
Kerupuk Unyil,,,,,,,
Telur Biasa 1 Peti,Telur Mini 1 Peti,Minyak Goreng Permata 1 Dus,,,,,
Gula Pasir Kemasan 1/2kg,Tepung Terigu Segitiga Biru Kemasan 1/2kg 1 Dus,,,,,,
Telur Mini 1 Peti,Telur Biasa 1 Peti,,,,,,
Tepung Terigu Payung 1 Sak,,,,,,,
Telur Mini 1 Peti,,,,,,,
Minyak Goreng Permata 1 Dus,,,,,,,
Gula Pasir Kemasan 1/2kg,Tepung Terigu Segitiga Biru Kemasan 1/2kg 1 Dus,Tepung Terigu Segitiga Biru Kemasan 1kg 1 Dus,Gula Jawa, Mie Burung Dara 1 Ikat,,,
Gula Kristal 1 Sak,,,,,,,
Gula Pasir Kemasan 1/2kg,,,,,,,
Minyak Sawit Kemasan 1kg,Gula Pasir Kemasan 1/2kg,Mie Burung Dara 1 Ikat,Telur Mini 1 Peti,Tepung Terigu Cakra 1 Sak,,,
Telur Mini 1 Peti,Mie Jagung 1 Dus,Tepung Terigu Segitiga Biru Kemasan 1kg 1 Dus,Tepung Terigu Segitiga Biru Kemasan 1/2kg 1 Dus,Tepung Terigu Lm Kemasan 1kg 1 Dus,Santan Kara 1 Dus,,
Tepung Terigu Payung Kemasan 1kg,,,,,,,
Tepung Terigu Lm 1 Sak,,,,,,,
Tepung Terigu Segitiga Biru 1 Sak,Gula Pasir Kemasan 1/2kg,,,,,,
Tepung Terigu Payung 1 Sak,,,,,,,
Tepung Terigu Payung 1 Sak,,,,,,,
Telur Mini 1 Peti,Telur Biasa 1 Peti,Gula Pasir Kemasan 1/2kg,,,,,
Mie Burung Dara 1 Ikat,Tepung Terigu Segitiga Biru Kemasan 1/2kg 1 Dus,,,,,,
Telur Biasa 1 Peti,,,,,,,
Gula Pasir Kemasan 1/2kg,,,,,,,
Minyak Goreng Permata 1 Dus,Minyak Sawit Kemasan 1 Liter,,,,,,
Minyak Sawit Kemasan 1 Liter,,,,,,,
Tepung Terigu Segitiga Biru 1 Sak,Minyak Sawit Kemasan Jerigen,,,,,,
Minyak Sawit Kemasan Jerigen,Santan Kara 1 Dus,,,,,,
Gula Pasir Kemasan 1/2kg,Minyak Sawit Kemasan 1 Liter,,,,,,
Minyak Sawit Kemasan Jerigen,,,,,,,
Minyak Goreng Permata 1 Dus,Tepung Beras Rose Brand Kemasan 1kg,,,,,,
Telur Biasa 1 Peti,,,,,,,
Tepung Terigu Segitiga Biru Kemasan 1kg 1 Dus,Minyak Sawit Kemasan Jerigen,Minyak Goreng Kita 1 Dus,,,,,
Gula Pasir Kemasan 1/2kg,Tepung Terigu Segitiga Biru Kemasan 1/2kg 1 Dus,,,,,,
Gula Pasir Kemasan 1/2kg,Tepung Beras Rose Brand Kemasan 1/2kg,,,,,,
Minyak Sawit Kemasan Jerigen,,,,,,,
Minyak Sawit Kemasan 1 Liter,,,,,,,
Santan Kara 1 Dus,Minyak Sawit Kemasan 1 Liter,Mie Burung Dara 1 Dus,Telur Biasa 1 Peti,,,,
Telur Biasa 1 Peti,,,,,,,
Minyak Goreng Sinar Mas 1 Dus,,,,,,,
Tepung Kanji Gunung Agung 1 Sak,,,,,,,
Telur Mini 1 Peti,Gula Pasir Kemasan 1/2kg,Tepung Terigu Segitiga Biru 1 Sak,Tepung Kanji Kemasan 1kg,Telur Biasa 1 Peti,,,
Gula Pasir Kemasan 1/2kg,Minyak Sawit Kemasan Jerigen,,,,,,
Gula Pasir Kemasan 1/2kg,,,,,,,
Gula Pasir Kemasan 1/2kg,,,,,,,
Gula Pasir Kemasan 1/2kg,,,,,,,
Santan Kara 1 Dus,,,,,,,
Gula Pasir Kemasan 1/2kg,,,,,,,
Mie Jagung 1 Dus,,,,,,,
Minyak Goreng Sinar Mas 1 Dus,,,,,,,
Tepung Terigu Jawara 1 Sak,,,,,,,
Telur Biasa 1 Peti,,,,,,,
Tepung Terigu Segitiga Biru Kemasan 1kg 1 Dus, Tepung Kanji Gunung Agung 1 Sak,,,,,,
Tepung Beras Rose Brand Kemasan 1/4kg,,,,,,,
Minyak Goreng Sinar Mas 1 Dus,,,,,,,
Tepung Kanji Gunung Agung 1 Sak,,,,,,,
Tepung Beras Bola 1 Dus,,,,,,,
Santan Kara 1 Dus,Minyak Sawit Kemasan Jerigen,Gula Pasir Kemasan 1/2kg,,,,,
Minyak Sawit Kemasan Jerigen,Gula Kristal Putih 1 Sak,,,,,,
Gula Pasir Kemasan 1/2kg,Tepung Terigu Lm 1 Sak,,,,,,
Minyak Sawit Kemasan Jerigen,Tepung Terigu Jawara 1 Sak,Tepung Beras Rose Brand Kemasan 1/2kg ,,,,,
Tepung Beras Bola 1 Dus,,,,,,,
Telur Biasa 1 Peti,,,,,,,
Tepung Terigu Segitiga Biru Kemasan 1kg 1 Dus,,,,,,,
Gula Pasir Kemasan 1/2kg,Minyak Sawit Kemasan Jerigen,Tepung Terigu Segitiga Biru 1 Sak,,,,,
Telur Mini 1 Peti,,,,,,,
Telur Mini 1 Peti,,,,,,,
Gula Pasir Kemasan 1/2kg,Telur Mini 1 Peti,,,,,,
Minyak Sawit Kemasan 1 Liter,,,,,,,
Mie Burung Dara 1 Ikat,Tepung Terigu Lm 1 Sak,Tepung Kanji Gunung Agung 1 Sak,Gula Pasir Kemasan 1/2kg,Telur Biasa 1 Peti,Tepung Terigu Segitiga Biru 1 Sak,Minyak Goreng Curah 1 Dus,Tepung Beras Rose Brand Kemasan 1/2kg
Mie Burung Dara 1 Ikat,,,,,,,
Mie Jagung 1 Dus,Tepung Terigu Payung Kemasan 1kg,,,,,,
Gula Jawa,Beras C4 1 Sak,Minyak Sawit Kemasan 1 Liter,Tepung Terigu Lm Kemasan 1kg 1 Dus,Telur Mini 1 Peti,,,
Gula Kristal Putih 1 Sak,Minyak Sawit Kemasan Jerigen,Tepung Beras Bola 1 Dus,Telur Mini 1 Peti ,,,,
Telur Biasa 1 Peti,Telur Mini 1 Peti,,,,,,
Minyak Sawit Kemasan 1 Liter,Tepung Terigu Lm Kemasan 1kg 1 Dus,,,,,,
Minyak Sawit Kemasan 1kg,,,,,,,
Santan Kara 1 Dus,,,,,,,
Minyak Sawit Kemasan 1kg,Telur Biasa 1 Peti,Telur Mini 1 Peti,,,,,
Telur Mini 1 Peti,,,,,,,
Minyak Sawit Kemasan 1kg,,,,,,,
Saos 1 Ikat,,,,,,,
Gula Pasir Kemasan 1/2kg,,,,,,,
Gula Pasir Kemasan 1/2kg,Santan Kara 1 Dus,Minyak Sawit Kemasan 1 Liter,Tepung Terigu Payung 1 Sak,Garam 1 Ball,Tepung Beras Rose Brand Kemasan 1/2kg,,
Beras C4 1 Sak,Mie Jagung 1 Dus,,,,,,
Telur Biasa 1 Peti,Telur Mini 1 Peti,Minyak Sawit Kemasan 1kg,,,,,
Gula Pasir Kemasan 1/2kg,,,,,,,
Beras C4 1 Sak,,,,,,,
Telur Biasa 1 Peti,Gula Pasir Kemasan 1/2kg,,,,,,
Tepung Beras Rose Brand Kemasan 1kg,Tepung Terigu Jawara 1 Sak,,,,,,
Tepung Beras Rose Brand Kemasan 1kg,,,,,,,
Gula Pasir Kemasan 1/2kg,,,,,,,
Tepung Terigu Cakra Kemasan 1kg,,,,,,,
Tepung Terigu Lm Kemasan 1kg 1 Dus,,,,,,,
Gula Pasir Kemasan 1/2kg,,,,,,,
Telur Biasa 1 Peti,,,,,,,
Minyak Sawit Kemasan 1 Liter,,,,,,,
Minyak Sawit Kemasan Jerigen,,,,,,,
Tepung Beras Rose Brand Kemasan 1/2kg,Tepung Kanji Kemasan 1kg,,,,,,
Gula Pasir Kemasan 1/2kg,Tepung Terigu Lm 1 Sak,,,,,,
Tepung Terigu Lm 1 Sak,,,,,,,
Tepung Terigu Payung 1 Sak,Tepung Kanji Gunung Agung 1 Sak,Minyak Sawit Kemasan Jerigen,,,,,
Telur Biasa 1 Peti,Tepung Terigu Segitiga Biru Kemasan 1kg 1 Dus,Gula Pasir Kemasan 1/2kg,,,,,
Minyak Sawit Kemasan 1 Liter,Telur Biasa 1 Peti,,,,,,
Tepung Kanji Gunung Agung 1 Sak,,,,,,,
Gula Pasir Kemasan 1/2kg,,,,,,,
Gula Pasir Kemasan 1/2kg,,,,,,,
Gula Pasir Kemasan 1/2kg,,,,,,,
Minyak Sawit Kemasan 1 Liter,,,,,,,
Telur Biasa 1 Peti,Gula Pasir Kemasan 1/2kg,,,,,,
Telur Biasa 1 Peti,,,,,,,
Beras Lestari 1 Sak,Gula Jawa,Minyak Sawit Kemasan 1 Liter,,,,,
Telur Mini 1 Peti,Minyak Sawit Kemasan 1 Liter,,,,,,
Tepung Terigu Lm Kemasan 1kg 1 Dus,Gula Jawa,Minyak Sawit Kemasan 1kg,,,,,
Minyak Sawit Kemasan Jerigen,Tepung Beras Bola 1 Dus,Telur Biasa 1 Peti,,,,,
Telur Biasa 1 Peti,Gula Kristal Putih 1 Sak,Minyak Sawit Kemasan 1/2kg,,,,,
Kerupuk Unyil,Tepung Terigu Segitiga Biru Kemasan 1kg 1 Dus,Telur Mini 1 Peti,Santan Kara 1 Dus,Tepung Terigu Lm Kemasan 1kg 1 Dus,Tepung Kanji Kemasan 1kg ,,
Kerupuk Unyil,,,,,,,
Saos 1 Ikat,Minyak Sawit Kemasan 1kg,,,,,,
Telur Mini 1 Peti,Telur Biasa 1 Peti,,,,,,
Tepung Terigu Segitiga Biru Kemasan 1kg 1 Dus,Tepung Terigu Segitiga Biru Kemasan 1/2kg 1 Dus,Minyak Sawit Kemasan 1kg,,,,,
Gula Jawa,Beras C4 1 Sak,,,,,,
Telur Biasa 1 Peti,,,,,,,
Gula Pasir Kemasan 1/2kg,,,,,,,
Gula Pasir Kemasan 1/2kg,Minyak Goreng Curah 1 Dus,Minyak Sawit Kemasan 1 Liter,,,,,
Gula Jawa,Tepung Terigu Segitiga Biru 1 Sak,,,,,,
Tepung Terigu Segitiga Biru 1 Sak,,,,,,,
Gula Pasir Kemasan 1/2kg,Telur Biasa 1 Peti,,,,,,
Ladaku 1 Renteng,Sasa 1 Renteng,Tepung Beras Bola 1 Dus,,,,,
Gula Kristal Putih 1 Sak,,,,,,,
Tepung Beras Rose Brand Kemasan 1/2kg,,,,,,,
Tepung Terigu Cakra 1 Sak,Tepung Terigu Segitiga Biru 1 Sak,Minyak Sawit Kemasan 1 Liter,Santan Kara 1 Dus,Telur Biasa 1 Peti,Minyak Goreng Curah 1 Dus,Minyak Goreng Kita 1 Dus,Gula Pasir Kemasan 1/2kg
Tepung Kanji Kemasan 1kg,Tepung Terigu Payung Kemasan 1kg,,,,,,
Telur Mini 1 Peti,,,,,,,
Gula Pasir Kemasan 1/2kg,Beras C4 1 Sak,,,,,,
Gula Pasir Kemasan 1/2kg,Tepung Terigu Segitiga Biru 1 Sak,Telur Mini 1 Peti,,,,,
Gula Pasir Kemasan 1/2kg,,,,,,,
Tepung Kanji Kemasan 1kg,,,,,,,
Telur Biasa 1 Peti,,,,,,,
Gula Pasir Kemasan 1/2kg,,,,,,,
Tepung Kanji Gunung Agung 1 Sak,,,,,,,
Minyak Sawit Kemasan 1 Liter,Gula Pasir Kemasan 1/2kg,,,,,,
Minyak Goreng Kita 1 Dus,Tepung Beras Rose Brand Kemasan 1/2kg,,,,,,
Minyak Sawit Kemasan Jerigen,,,,,,,
Gula Pasir Kemasan 1/2kg,,,,,,,
Telur Mini 1 Peti,Gula Pasir Kemasan 1/2kg,,,,,,
Mie Burung Dara 1 Dus,Tepung Kanji Gunung Agung 1 Sak,,,,,,
Minyak Sawit Kemasan Jerigen,,,,,,,
Telur Biasa 1 Peti,,,,,,,
Telur Biasa 1 Peti,,,,,,,
Telur Biasa 1 Peti,,,,,,,
Minyak Goreng Curah 1 Dus,,,,,,,
Tepung Beras Rose Brand Kemasan 1kg,Tepung Terigu Segitiga Biru Kemasan 1/2kg 1 Dus,Minyak Sawit Kemasan 1 Liter,Tepung Terigu Segitiga Biru Kemasan 1kg 1 Dus,Tepung Terigu Payung 1 Sak,,,
Gula Jawa,,,,,,,
Telur Biasa 1 Peti,Tepung Terigu Cakra 1 Sak,Minyak Sawit Kemasan Jerigen,,,,,
Gula Jawa,Mie Jagung 1 Dus,,,,,,
Tepung Terigu Segitiga Biru 1 Sak,,,,,,,
